{"cameraMode":{"drawMode":0,"name":"Shaded","section":"Shading Mode"},"sceneLighting":true,"audioPlay":false,"sceneViewState":{"m_AlwaysRefresh":false,"showFog":true,"showSkybox":true,"showFlares":true,"showImageEffects":true,"showParticleSystems":true,"showVisualEffectGraphs":true,"m_FxEnabled":true},"in2DMode":false,"pivot":{"x":-11.287277221679688,"y":20.206937789916993,"z":11.892401695251465},"rotation":{"x":0.1339864730834961,"y":-0.1729765087366104,"z":0.02375907637178898,"w":0.9754806160926819},"size":37.15456008911133,"orthographic":false}